index,description,source
7,BeatBox Red White and Blue Variety 6pk 500ml,TotalWine
7,BeatBox Hard Tea Variety 6pk 500ml,TotalWine
7,Bud Light Seltzer Flavor Burst Variety 24 12ozCan,TotalWine
7,Press Sparkling Premium Signature Variety 12pk 12oz Cans,TotalWine
7,Jack Daniels Country Cocktails Party Pack Variety 12pk 12oz Cans,TotalWine
7,Vizzy Refreshingly Berry Variety 12pk 12oz Cans,TotalWine
7,Cayman Jack Zero Sugar 12pk 12oz Cans,TotalWine
7,LoverBoy Spritz Variety Pack 8pk 8oz Cans,TotalWine
7,Press Synergy Variety Pack 12pk 12oz Cans,TotalWine
7,Cayman Jack Variety 12pk 12oz Cans,TotalWine
7,Vizzy Mimosa Hard Seltzer Variety Pack 12pk 12oz Cans,TotalWine
7,Mike's Hard Lemonade Zero Sugar 12pk 12oz Cans,TotalWine
2,Negative 196 Vodka Seltzer Variety 8pk 12oz Cans,TotalWine
7,Smirnoff Ice Original Hard Beverage 12pk 11oz Btls,TotalWine
7,Strongbow Gold Hard Cider 6pk 12oz Btls,TotalWine
7,Smirnoff Ice Red White and Berry Hard Beverage 12pk 12oz Cans,TotalWine
7,LoverBoy Vacay Vibes Variety 8pk 12oz Cans,TotalWine
7,Downeast Guava Passion Fruit 4pk 12oz Cans,TotalWine
7,Original Sin Black Widow Hard Cider 6pk 12oz Cans,TotalWine
7,Mighty Swell Hard Seltzer Variety Pack 12pk 12oz Cans,TotalWine
7,Woodchuck Hard Cider Variety Pack Can 12pk 12oz Cans,TotalWine
7,Bud Light Seltzer Flavor Burst Variety 12pk 12oz Cans,TotalWine
7,Woodchuck Amber Draft Cider 6pk 12oz Cans,TotalWine
7,Vizzy Tangy Lemonade Variety 12pk 12oz Cans,TotalWine
10,Anheuser Busch Hoop Tea American Original 12pk 12oz Cans,TotalWine
7,McKenzie's Black Cherry Hard Cider 6pk 12oz Btls,TotalWine
8,El Jimador Variety Pack 12pk 12oz Cans,TotalWine
7,Mike's Hard Variety Pack 24 12ozBottle,TotalWine
7,Bud Light Seltzer Retro Tie Dye Pack 12pk 12oz Cans,TotalWine
7,Rekorderlig Mango Raspberry 4 11.2oz Cans,TotalWine
7,Press Sparkling Premium Select Hard Seltzer Variety 12pk 12oz Cans,TotalWine
7,Smirnoff Ice Smash Red White and Berry 1 23oz can,TotalWine
7,Jack Daniels Black Cola Hard Beverage 6pk 10oz Btls,TotalWine
7,BeatBox Green Apple 500ml,TotalWine
7,Wolffer Estate No.139 Dry Rose Hard Cider 4pk 12oz Btls,TotalWine
7,Angry Orchard Green Apple 6pk 12oz Btls,TotalWine
7,Rekorderlig Pear Cider 4 11.2oz Cans,TotalWine
4,1911 Black Cherry Hard Cider 4pk 16oz Cans,TotalWine
7,Mighty Swell Tropic 12pk 12oz Cans,TotalWine
7,Bud Light Platinum Seltzer Variety Pack 12pk 12oz Cans,TotalWine
7,Mighty Swell Keep It Weird 12pk 12oz Cans,TotalWine
7,Jack Daniels Berry Punch 6pk 10oz Btls,TotalWine
7,LoverBoy Spritz Mango Peach 4pk 8.4oz Cans,TotalWine
7,Mike's Hard Lemonade Hard Beverage 12pk 12oz Cans,TotalWine
7,LoverBoy Cosmopolitan 4pk 8.4oz Cans,TotalWine
7,Mike's Hard Lemonade Hard Beverage 12pk 12oz Btls,TotalWine
7,Smirnoff Sourced Pineapple Coconut 6pk 11oz Btls,TotalWine
7,LoverBoy Spritz Passion Fruit Guava 4pk 8.4oz Cans,TotalWine
7,Citizen Cider Dirty Mayor 4pk 16oz Cans,TotalWine
7,Citizen Cider Wit's Up 4pk 16oz Cans,TotalWine
7,1911 Orange Creamsicle Hard Cider 4pk 16oz Cans,TotalWine
7,1911 Original Hard Cider 4pk 16oz Cans,TotalWine
7,Mike's Harder Cranberry 24oz Can,TotalWine
7,Wolffer Estate No.139 Dry Rose Hard Cider 4pk 12oz Cans,TotalWine
7,Angry Orchard Rose 6pk 12oz Btls,TotalWine
7,McKenzie's Blueberry Blast Cider 6pk 12oz Btls,TotalWine
7,Bud Light Seltzer Tea & Lemonade Variety 24 12oz Cans,TotalWine
7,Tomasello Artisan Orchard Strawberry Mango Hard Cider 750ml,TotalWine
7,Tomasello Artisan Orchard Peach Ginger Hard Cider 750ml,TotalWine
7,Smirnoff Sourced Strawberry Kiwi 6pk 11oz Btls,TotalWine
7,BeatBox Tropical 500ml,TotalWine
7,Smirnoff SMASH Strawberry Lemon 23oz,TotalWine
7,Smirnoff SMASH Lemon & Lime 23oz,TotalWine
7,Smirnoff Ice Red White & Merry 6pk 11oz Btls,TotalWine
7,Tomasello Artisan Orchard Apple Cider 750ml,TotalWine
7,Ferme de Romilly Cidre Demi Sec 750ml,TotalWine
7,Burnt Mills Cider Company Semi Dry 4pk 16oz Cans,TotalWine
7,Burnt Mills Cider Company Sour Cherry 4pk 16oz Cans,TotalWine
7,Ironbound Cider 4pk 12oz Cans,TotalWine
7,Burnt Mills Cider Company Pineapple 4pk 16oz Cans,TotalWine
7,Ship Bottom Linvilla Hard Cider 4pk 12oz Cans,TotalWine
7,Wolffer Estate No.139 Dry White Cider 4pk 12oz Btls,TotalWine
7,Cider Creek Variety Pack 6pk 12oz Cans,TotalWine
7,Ferme de Romilly Cidre Brut 750ml,TotalWine
7,Winchester Signature Ciders Variety 4pk 16oz Cans,TotalWine
7,Ironbound Devil's Harvest Cider 4pk 12oz Cans,TotalWine
7,Rekorderlig Peach Basil 4 11.2oz Cans,TotalWine
7,Angry Orchard Crisp Apple Cider 12pk 12oz Cans,TotalWine
7,Ace Pineapple Hard Cider 6pk 12oz Cans,TotalWine
7,Ace Cider High Imperial Pineapple 6pk 12oz Cans,TotalWine
7,Citizen Cider The Lake Hopper 4pk 16oz Cans,TotalWine
7,Magners Irish Hard Cider 6pk 12oz Btls,TotalWine
7,Lagunitas Disorderly TeaHouse Mixed up Berries 6pk 12oz Cans,TotalWine
7,Jack Daniels Lynchburg Lemonade 6pk 10oz Btls,TotalWine
7,Bud Light Lime Straw Ber Rita 4pk 16oz Cans,TotalWine
7,Greenhouse Pink Grapefruit Hard Seltzer 4pk 12oz Cans,TotalWine
7,Mike's Hard Peach Lemonade 6pk 11oz Btls,TotalWine
7,Vendange VIBE by Mango 500ml,TotalWine
7,Greenhouse Mango Guava Hard Seltzer 4pk 12oz Cans,TotalWine
7,Angry Orchard Peach Mango Cider 6pk 12oz Cans,TotalWine
7,Downeast Maple Waffle 4pk 12oz Cans,TotalWine
7,McKenzie's Pumpkin Jack Cider 6pk 12oz Btls,TotalWine
7,1911 Blueberry Hard Cider 4pk 16oz Cans,TotalWine
7,Wolffer Estate No.139 Botanical Cider 4pk 12oz Btls,TotalWine
7,Ship Bottom Gingerbread Cider 6pk 12oz Cans,TotalWine
7,JuneShine Strawberry Kiwi Crush 6pk 12oz Cans,TotalWine
7,McKenzie's Pineapple 6pk 12oz Btls,TotalWine
7,101 Cider House 3 Day Weekend 4pk 12oz Cans,TotalWine
7,Woodchuck Pumpkin 6pk 12oz Cans,TotalWine
7,Graft Cidery Field Day 4pk 12oz Cans,TotalWine
7,Ship Bottom Sun Rise Mimosa Hard Cider 6pk 12oz Cans,TotalWine
7,Burnt Mills Cider Company Blackcurrant 4pk 16oz Cans,TotalWine
7,Ship Bottom Cider Donut Hard Cider 6pk 12oz Cans,TotalWine
7,1911 Cider Donut 4pk 16oz Cans,TotalWine
7,1911 Maple Bourbon 4pk 16oz Cans,TotalWine
7,Moonlight Meadery Currant Obs 4pk 16oz Cans,TotalWine
7,Ace Pumpkin Cider 6pk 12oz Btls,TotalWine
7,Beak & Skiff 1911 Cider Donut 4pk 16oz Cans,TotalWine
7,Downeast Blood Orange 4pk 12oz Cans,TotalWine
7,Downeast Orange Creamsicle 4pk 12oz Cans,TotalWine
7,Magners Irish Pear Cider 6pk 11oz Btls,TotalWine
7,Angry Orchard Crisp Apple Cider 1/6 Keg,TotalWine
7,Boochcraft Passionfruit Blood Orange 6pk 12oz Cans,TotalWine
7,Woodchuck Amber Draft Cider 1/2 Keg,TotalWine
7,Angry Orchard Crisp Apple Cider 1/2 Keg,TotalWine
7,Shore Break Hard Seltzer Variety 12pk 12oz Cans,TotalWine
7,Cayman Jack Margarita Variety 24 12ozCan,TotalWine
7,Hard AF Seltzer Variety Pack 12pk 12oz Cans,TotalWine
7,Ace Tropical Variety 12pk 12oz Cans,TotalWine
7,Ace Perry Cider (Pear) 6pk 12oz Cans,TotalWine
7,Ace Joker Dry Hard Cider 6pk 12oz Cans,TotalWine
7,Blake's Hard Cider Cherry Limeade 6pk 12oz Cans,TotalWine
7,Jack Daniel's Hard Tea Variety 12pk 12oz Cans,TotalWine
7,Mighty Swell Techniflavor Variety 12pk 12oz Cans,TotalWine
7,Bishop Cider Ciderdaze 6pk 12oz Cans,TotalWine
7,Bishop Cider Apple Pineapple 6pk 12oz Cans,TotalWine
7,BeatBox Mango 500ml,TotalWine
7,BeatBox Peach 500ml,TotalWine
7,Mighty Swell Cherry Lime 6pk 12oz Cans,TotalWine
7,Bishop Cider O.P. Imperial 4pk 12oz Cans,TotalWine
7,City Orchard Hazy Gold 4pk 12oz Cans,TotalWine
7,Texas Keeper No. 1 Cider 750ml,TotalWine
7,Texas Keeper Heirloom Cider 750ml,TotalWine
7,City Orchard Fresh Picked Variety 8pk 12oz Cans,TotalWine
7,Rootstock Cider Peach Hard 6pk 12oz Cans,TotalWine
7,Real Ale Seltzer Cocktail Margarita 6pk 12oz Cans,TotalWine
7,Destihl Craft Hard Seltzer Variety Pack 3/8 16oz can 8pk 16oz Cans,TotalWine
7,Texas Keeper Grafter Rose 750ml,TotalWine
7,Texas Keeper Goldrush Cider 750ml,TotalWine
7,Rootstock Cider Original 6pk 12oz Cans,TotalWine
7,Ace Imperial Variety 12pk 12oz Cans,TotalWine
7,Ace High Imperial Peach Cider 6pk 12oz Cans,TotalWine
7,Ace High Imperial Berry 6pk 12oz Cans,TotalWine
7,Bishop Cider Crackberry 6pk 12oz Cans,TotalWine
7,Bishop Cider Mai Tai 6pk 12oz Cans,TotalWine
7,City Orchard Fresca Variety 12pk 12oz Cans,TotalWine
7,City Orchard Lavender Royale 4pk 12oz Cans,TotalWine
7,Texas Keeper Auguste Cerise 750ml,TotalWine
7,Tupps BLUR Tropical 12pk 12oz Cans,TotalWine
7,Texas Keeper Noir 500ml,TotalWine
7,Bishop Cider Texas Mas Mosa 6pk 12oz Cans,TotalWine
7,Bishop Cider Tiki Time Variety Pack 12pk 12oz Cans,TotalWine
7,Bishop Cider Pain Killer 6pk 12oz Cans,TotalWine
7,Rootstock Cider Plum 6pk 12oz Cans,TotalWine
7,City Orchard Fresca Variety 4pk 12oz Cans,TotalWine
7,Real Premium Hard Seltzer Melon Cucumber 6pk 12oz Cans,TotalWine
7,Texas Keeper Grafter Blanc 750ml,TotalWine
7,Big Country Organic Blackberry Grapefruit Hard Seltzer 6pk 12oz Cans,TotalWine
7,Texas Keeper Stillage 750ml,TotalWine
7,Blue Norther Hard Seltzer Variety 12pk 12oz Cans,TotalWine
7,Lone Star Seltzer Agave Lime 6pk 12oz Cans,TotalWine
7,Founders Mas Agave Lime Premium Hard Seltzer 6pk 12oz Cans,TotalWine
7,Magners Irish Hard Cider 4pk 16oz Cans,TotalWine
7,Rootstock Cider Hopped 4pk 12oz Cans,TotalWine
7,Woodchuck Amber Draft Cider 1/6 Keg,TotalWine
7,Ace Perry Cider (Pear) 1/6 Keg,TotalWine
3,NUTRL Lime Hard Seltzer 4pk 12oz Cans,TotalWine
7,Strongbow Original Dry Hard Cider 4pk 16oz Cans,TotalWine
7,3 Daughters Orange Creamsicle Vodka Soda 4pk 12oz Cans,TotalWine
7,Schilling Excelsior Imperial Apple Pie Cider 6pk 12oz Cans,TotalWine
7,Woodchuck Amber Draft Cider 6pk 12oz Btls,TotalWine
7,Strainge Beast Fresh Ginger Lemon & Hibiscus Hard Kombucha 6pk 12oz Cans,TotalWine
7,Schilling Moon Berries Cider 6pk 12oz Cans,TotalWine
7,1911 Rose Hard Cider 4pk 16oz Cans,TotalWine
7,Original Sin Hard Apple Cider 6pk 12oz Cans,TotalWine
7,Mike's Harder Lemonade 4pk 16oz Cans,TotalWine
7,Cigar City Homemade Apple Pie Cider 6pk 12oz Cans,TotalWine
7,Original Sin Dry Rose Cider 6pk 12oz Cans,TotalWine
7,Keel & Curley Farms Elderberry 4pk 16oz Cans,TotalWine
7,BRLO Apple Cider 4pk 12oz Btls,TotalWine
7,Caribe Tropical Hard Cider Pineapple 6pk 12oz Btls,TotalWine
7,JK's Scrumpy Organic Farm Cider 4pk 12oz Btls,TotalWine
7,Untitled Art Strawberry Kiwi Hard Seltzer 6pk 12oz Cans,TotalWine
7,1911 Honeycrisp Cider 4pk 16oz Cans,TotalWine
7,Kopparberg Strawberry Lime Cider 4 11.2oz Cans,TotalWine
7,Country Boy Orange Cream Cider 4pk 16oz Cans,TotalWine
7,Woodchuck Amber Draft Cider 12pk 12oz Cans,TotalWine
7,Angry Orchard Tropical Fruit Cider 6pk 12oz Cans,TotalWine
7,Mike's HARDER Strawberry Pineapple 1 23oz can,TotalWine
7,Cigar City Homemade Apple Pie Cider 4pk 16oz Cans,TotalWine
7,Dry Wrought Cider Jalapeno 6pk 12oz Cans,TotalWine
7,Dry Wrought Cider Hops 6pk 12oz Cans,TotalWine
7,JK's Scrumpy Hard Cider 22oz Btl,TotalWine
7,Keel & Curley Farms Strawberry Lime 4pk 16oz Cans,TotalWine
7,Keel & Curley Farms Mango 4pk 16oz Cans,TotalWine
7,JK's Scrumpy Traverse City Cherry 4pk 12oz Btls,TotalWine
7,Fallen Fruit Blood Orange Cider 6pk 12oz Cans,TotalWine
7,Fallen Fruit Dry Hard Cider 6pk 12oz Cans,TotalWine
7,BRLO Wild Berries Cider 4pk 12oz Btls,TotalWine
7,Keel & Curley Farms Pineapple Cider 4pk 16oz Cans,TotalWine
7,Gaztanaga Natural Basque Cider 750ml,TotalWine
7,Cigar City Cider Golden English Dry Cider 4pk 16oz Cans,TotalWine
7,Schilling Variety 12 Pack 12pk 12oz Cans,TotalWine
7,Schilling Excelsior Imperial Pineapple Cider 6pk 12oz Cans,TotalWine
7,Cayman Jack Cuban Mojito 6pk 12oz Btls,TotalWine
7,Smirnoff Seltzer Red White & Berry 12pk 12oz Cans,TotalWine
7,Original Sin Crimson Chaos Cider 6pk 12oz Cans,TotalWine
7,Dry Wrought Cider Strawberry 6pk 12oz Cans,TotalWine
7,Original Sin Pear Cider 6pk 12oz Cans,TotalWine
7,Schilling Chaider 6pk 12oz Cans,TotalWine
7,SUNiCE Variety Pack,TotalWine
7,Schilling Emerald City 6pk 12oz Cans,TotalWine
7,Maeloc Cider Strawberry 4pk 11oz Btls,TotalWine
7,Original Sin Newton Pippin Cider 6pk 12oz Cans,TotalWine
7,JK's Scrumpy Skrumpy Winterruption 4pk 12oz Btls,TotalWine
7,Mike's Hard Pineapple Lemonade 6pk 11oz Btls,TotalWine
7,Keel & Curley Farms Pineapple Cider 6pk 12oz Cans,TotalWine
7,Blake's Mule de Pomme 6pk 12oz Cans,TotalWine
7,Sesh Variety Pack #2 12pk 12oz Cans,TotalWine
7,Willie's Superbrew G.O.A.T. Variety 12pk 12oz Cans,TotalWine
7,Smirnoff Ice Red White & Merry 12pk 12oz Cans,TotalWine
9,Blake's Apple Pie 6pk 12oz Cans,TotalWine
7,Moonlight Meadery Thirteen 5 4pk 12oz Cans,TotalWine
7,Aspall Perronelles Blush English Draft Cider 500ml,TotalWine
7,B. Nektar Orange Cream Delight 4pk 12oz Cans,TotalWine
7,Beak & Skiff 1911 Unfiltered Macintosh 4pk 16oz Cans,TotalWine
7,Magners Irish Hard Cider 1/2 Keg,TotalWine
7,Ace Pineapple Hard Cider 1/2 Keg,TotalWine
7,Cigar City Apple Pie Cider 1/2 Keg,TotalWine
7,Original Sin Black Widow Hard Cider 1/6 Keg,TotalWine
7,Original Sin Hard Apple Cider 1/6 Keg,TotalWine
7,Cigar City Cider & Mead Apple Pie 1/6 Keg,TotalWine
7,McKenzie's Black Cherry Hard Cider 1/6 Keg,TotalWine
7,Vizzy Pineapple Mango 6pk 16oz Cans,TotalWine
7,Smirnoff Vodka Smash Soda Variety 8pk 12oz Cans,TotalWine
7,Vizzy Orange Cream Pop 12pk 12oz Cans,TotalWine
7,Angry Orchard Crisp Apple Cider 12pk 12oz Btls,TotalWine
7,Cayman Jack Margarita Variety 12pk 12oz Cans,TotalWine
7,Cayman Jack Margarita Hard Beverage 12pk 12oz Cans,TotalWine
7,BeatBox 6 Flavor Variety 6pk 500ml,TotalWine
7,Cayman Jack Sweet Heat Margarita Variety 12pk 12oz Cans,TotalWine
7,Mike's Hard Variety Pack 12pk 12oz Btls,TotalWine
5,TRULY Vodka Soda Twist of Flavor 8pk 12oz Cans,TotalWine
7,LoverBoy Cool Classics Variety 8pk 12oz Cans,TotalWine
7,Golden State Mighty Dry Hard Cider 4pk 16oz Cans,TotalWine
7,Mike's Hard Variety Pack Cans Hard Beverage 12pk 12oz Cans,TotalWine
7,Vizzy Vibrantly Tropical Variety 12pk 12oz Cans,TotalWine
7,Bud Light Seltzer Hard Soda 12pk 12oz Cans,TotalWine
7,Angry Orchard Crisp Apple Cider 6pk 12oz Btls,TotalWine
7,Mike's Hard Lemonade Hard Beverage 6pk 12oz Btls,TotalWine
7,Smirnoff Ice Original Hard Beverage 6pk 11oz Btls,TotalWine
7,NOCA Boozy Iced Tea 12pk 12oz Cans,TotalWine
7,Cayman Jack Margarita Hard Beverage 6pk 11oz Btls,TotalWine
7,BeatBox Blue Razzberry 500ml,TotalWine
1,Deep Eddy Grapefruit Vodka Soda 4pk 12oz Cans,TotalWine
7,Schilling Excelsior Hard Cider 6pk 12oz Cans,TotalWine
7,Smirnoff Ice Screwdriver 6pk 11oz Btls,TotalWine
7,Rekorderlig Strawberry Lime Cider 4 11.2oz Cans,TotalWine
7,Cayman Jack Zero Sugar 6pk 12oz Btls,TotalWine
7,Mike's Hard Strawberry Lemonade 6pk 12oz Btls,TotalWine
7,Mike's Hard Lemonade Zero Sugar 6pk 12oz Btls,TotalWine
7,Jack Daniels Southern Peach Hard Beverage 6pk 10oz Btls,TotalWine
7,Rekorderlig Wild Berries Cider 4 11.2oz Cans,TotalWine
7,Golden State Bay Brut 4pk 16oz Cans,TotalWine
7,Schilling Mango Excelsior 6pk 12oz Cans,TotalWine
7,BeatBox Hard Tea 500ml,TotalWine
7,NOCA Livin Lemonade Variety 12pk 12oz Cans,TotalWine
7,Ace Pineapple Hard Cider 6pk 12oz Btls,TotalWine
7,Maui Brewing Hard Seltzer Mix Pack 12pk 12oz Cans,TotalWine
7,Mike's Hard Freeze 12pk 12oz Cans,TotalWine
7,Jack Daniels Downhome Punch 6pk 10oz Btls,TotalWine
7,2 Towns Tropical Cosmic Crisp 6pk 12oz Cans,TotalWine
7,Ace High Imperial Apple Cider 6pk 12oz Cans,TotalWine
7,2 Towns Cosmic Crisp Hard Cider 6pk 12oz Cans,TotalWine
7,Jack Daniels Watermelon Punch 6pk 10oz Btls,TotalWine
7,2 Towns Blueberry Cosmic Crisp 6pk 12oz Cans,TotalWine
7,Mike's Hard Mango Punch 6pk 12oz Btls,TotalWine
7,Ace Guava Cider 6pk 12oz Cans,TotalWine
7,BeatBox Fresh Watermelon 500ml,TotalWine
7,Angry Orchard Imperial 6pk 12oz Cans,TotalWine
7,Smirnoff SMASH Screwdriver 24oz,TotalWine
7,Mike's Harder Lemonade 24oz Can,TotalWine
7,Smirnoff Ice Red White and Berry Hard Beverage 6pk 11oz Btls,TotalWine
7,Smirnoff Ice Raspberry 6pk 11oz Btls,TotalWine
7,2 Towns Pacific Pineapple 6pk 12oz Cans,TotalWine
7,Coronado Nice and Dry USDA Certified Organic Cider 4pk 16oz Cans,TotalWine
7,Ashland Mixed Berry Variety 12pk 12oz Cans,TotalWine
7,2 Towns Raspberry Cosmic Crisp 6pk 12oz Cans,TotalWine
7,JuneShine Blood Orange Mint Hard Kombucha 6pk 12oz Cans,TotalWine
7,Cayman Jack Margarita Hard Beverage 1.5L,TotalWine
7,2 Towns Dark Cherry Bad Apple 4pk 12oz Cans,TotalWine
7,2 Towns The Bad Apple 500ml,TotalWine
7,Brouwerij West Things for Your Head Hard Seltzer Variety 12pk 12oz Cans,TotalWine
7,Passion Tree Co Hard Seltzer Variety Pack 12pk 12oz Cans,TotalWine
7,Jack Daniels Cherry Limeade 6pk 10oz Btls,TotalWine
7,Vendange ViBE by Strawberry Limeade 500ml,TotalWine
7,2 Towns Made Marion 6pk 12oz Cans,TotalWine
7,Golden State Gingergrass 4pk 16oz Cans,TotalWine
7,SoCal Cider Orange Sunshine 4pk 16oz Cans,TotalWine
7,SoCal Cider Life's Peach 4pk 16oz Cans,TotalWine
7,Vendange ViBE by Fruit Punch 500ml,TotalWine
7,Vendange ViBE by Blue Raspberry Lemonade 500ml,TotalWine
7,Vendange VIBE by Peach 500ml,TotalWine
7,Coronado Super Fruit USDA Certified Organic Cider 4pk 16oz Cans,TotalWine
7,Smirnoff SMASH Peach Mango 23oz,TotalWine
7,2 Towns Marissimo 375ml,TotalWine
7,Finnriver Habanero Cider 500ml,TotalWine
7,2 Towns Cosmic Explorer Variety 12pk 12oz Cans,TotalWine
7,Golden State Cider Unfiltered 4pk 16oz Cans,TotalWine
7,99 Brand Hard Seltzer 12pk 12oz Cans,TotalWine
7,Ohza Classic Mimosa 4pk 12oz Cans,TotalWine
7,Ace Mango Cider 6pk 12oz Cans,TotalWine
7,Ace Perry Cider (Pear) 6pk 12oz Btls,TotalWine
7,Ashland Tropical Variety Pack 12pk 12oz Cans,TotalWine
7,Tieton Honey Lavendar Cider 6pk 12oz Cans,TotalWine
7,Martinelli's Cider 1868 Hard 6pk 12oz Btls,TotalWine
7,Lunar Passion Fruit Hard Seltzer 4pk 12oz Cans,TotalWine
7,2 Towns Hollow Jack'd 500ml,TotalWine
7,Portland Cider Passion Orange Guava 6pk 12oz Cans,TotalWine
7,Stem Cider Salted Cucumber Apple 4pk 12oz Cans,TotalWine
7,MAHA Seltzer Variety Pack 12pk 12oz Cans,TotalWine
7,2 Towns Two Berry Dream 6pk 12oz Cans,TotalWine
7,2 Towns Crimson Bliss 6pk 12oz Cans,TotalWine
7,Tieton Hazy Strawberry Cider 6pk 12oz Cans,TotalWine
7,Portland Cider Imperial Peach Tea 6pk 12oz Cans,TotalWine
7,Golden State Save The Gravenstein 4pk 16oz Cans,TotalWine
7,2 Towns Return Of The Mack 500ml,TotalWine
7,Coronado Hibiscus & Lime Hard Cider 4pk 16oz Cans,TotalWine
7,Ohza Variety Pack 8pk 12oz Cans,TotalWine
7,2 Towns Apricot Cosmic Crisp 6pk 12oz Cans,TotalWine
7,Playamar Jose Cuervo Lime Hard Seltzer 4pk 12oz Cans,TotalWine
6,Hard Mountain Dew Baja Blast 24oz Can,TotalWine
7,Ace Pineapple Hard Cider 1/6 Keg,TotalWine
7,2 Towns Pacific Pineapple 1/6 Keg,TotalWine
5,TRULY VODKA SELTZER TWIST OF FLAVOR VARIETY 12 OZ 8-PK CANS,https://avonwines.com/shop/product/truly-vodka-seltzer-twist-of-flavor-variety-12-oz-8-pk-cans/62ec02fd68bdd75764c3eedc?option-id=045d1ea67f91af204c9393e7dd973426794e96a3a0956524efa99dde3ede86e7
6,Mountain Dew Hard Baja Blast 24 oz cans,https://beverages2u.com/product/mountain-dew-hard-baja-blast-24-oz-cans/
2,Suntory Minus 196 Variety Pack Vodka Seltzer 8pk 12 oz,https://brownderby.com/shop/product/suntory-minus-196-variety-pack-vodka-seltzer/65b3e4f5502fa44b917b76e6?option-id=1bc2964b8a978294397132e3689670d767fdafc4ea1ef914b7932600fb0f7ab8
5,TRULY VODKA SODA TWIST VARIETY 8PK 8pk 12 oz,https://capecodpackagestore.com/shop/product/truly-vodka-soda-twist-variety-8pk/62ec02fd68bdd75764c3eedc?option-id=5fe7eb9b5143515989dbbdb6cf9b94437547fd5ec0c202322ab5e37fea718e66
10,Hoop Tea Original 12pk Cans 12pk 12 oz,https://enjoywineonline.com/shop/product/hoop-tea-original-12pk-cans/5f09f8cf04052c291c6286db?option-id=8851af93a74d70b3bf824cc47b689d57b6a2b09a5dd783fcfb9c21b799299797
1,Deep Eddy Vodka Ruby Red Grapefruit Soda RTD Cocktail Cans 4pk 12 oz,https://heritagewineandliquor.com/shop/product/deep-eddy-vodka-ruby-red-grapefruit-soda-rtd-cocktail-cans/60c3a7a000e86117db11d415?option-id=b81e16db2347143728910e715b4e0475c7d385d26803bea3525a814ecfbd095b
6,Mtn Dew Hard Zero Sugar Malt Beverage Baja Blast 24 oz,https://pourvous.us/shop/product/mtn-dew-hard-zero-sugar-malt-beverage-baja-blast/62212eaa73f8901f86439333?option-id=d4a9cbbbf3fec558790212111904abdc9ee40c0cde9aad29282559e007d4eab1
1,Deep Eddy Vodka Ruby Red Grapefruit Soda RTD Cocktail Cans 4pk 12 oz,https://twinliquors.com/shop/product/deep-eddy-vodka-ruby-red-grapefruit-soda-rtd-cocktail-cans/60c3a7a000e86117db11d415?option-id=b81e16db2347143728910e715b4e0475c7d385d26803bea3525a814ecfbd095b
1,Deep Eddy Ruby Red Grapefruit Vodka Soda 4pk Cn 12oz-4pk,https://www.luekensliquors.com/product/deep-eddy-ruby-red-grapefruit-vodka-soda-4pk-can/
8,El Jimador Variety Pack 12oz 12pk Cn,https://www.luekensliquors.com/product/el-jimador-variety-pack-12oz-12pk-cn/
3,Nutrl Lime Vodka Seltzer 12oz 4pk Cn,https://www.luekensliquors.com/product/nutrl-lime-vodka-seltzer-12oz-4pk-cn/
3,NUTRL LIME 4PK Hard Seltzer 4-Pack 12 Oz,https://www.partyliquorsuperstore.com/product/s-11993/p-21987421/buy-nutrl-lime-4pk
8,El Jimador - Ready to Drink Cocktails Variety Pack (12 pack 12oz cans),https://www.pogoswine.com/spirits/El-Jimador-Ready-to-Drink-Cocktails-Variety-Pack-w0078552w5
9,Blakes Apple Pie 6Pk,https://www.theliquorbarn.com/blakes-apple-pie-6pk/
2,Minus 196 Vodka Seltzer Variety 8 Pack,https://www.theliquorbarn.com/minus-196-vodka-seltzer-variety-8-pack/
4,1911 BLACK CHERRY 4PK CANS 16 OZ,https://www.towerwinespirits.com/product/s-11917/p-20266185/buy-1911-black-cherry-4pk-cans-16-oz
4,1911 Black Cherry Hard Cider NV / 16 oz. can | 4 pack,https://www.winemadeeasy.com/wine/fruit-wines/hard-ciders/1911-black-cherry-hard-cider-nv-16-oz-can-4-pack-53278.html
9,Blake's Hard Cider Apple Pie 6 pack 12 oz. Can,https://www.yankeespirits.com/products/14182564/blake-s-hard-cider-apple-pie
10,Hoop Tea American Orignial Spiked Iced Tea 12 pack 12 oz. Can,https://www.yankeespirits.com/products/14318370/hoop-tea-american-orignial-spiked-iced-tea
8,El Jimador Variety Pack 12 pack 12 oz. Can,https://www.yankeespirits.com/products/14465907/el-jimador-variety-pack